Posição_10,Clube,Vitorias_10,Derrotas_10,Empates_10,Gols feitos_10,Gols sofridos_10,Pontos_10,Posição_38,Vitorias_38,Derrotas_38,Empates_38,Gols feitos_38,Gols sofridos_38,Pontos_38,Ano
1,Flamengo,7,1,2,18,6,23,2,21,8,9,59,29,72,2018
2,Sport,5,2,3,13,12,18,17,11,18,9,35,57,42,2018
3,Palmeiras,5,3,2,15,8,17,1,23,4,11,64,26,80,2018
4,Atlético-MG,5,3,2,17,14,17,6,17,13,8,56,43,59,2018
5,Cruzeiro,5,3,2,7,4,17,8,14,13,11,34,34,53,2018
6,São Paulo,4,1,5,14,11,17,5,16,7,15,46,34,63,2018
7,Grêmio,4,2,4,10,5,16,4,18,8,12,48,27,66,2018
8,Internacional,4,2,4,10,6,16,3,19,7,12,51,29,69,2018
9,Corinthians,4,3,3,12,8,15,13,11,16,11,34,35,44,2018
10,Fluminense,4,4,2,12,11,14,12,12,17,9,32,46,45,2018
11,América-MG,4,5,1,14,17,13,18,10,18,10,30,47,40,2018
12,Vasco da Gama,3,3,4,14,14,13,16,10,15,13,41,48,43,2018
13,Botafogo,3,3,4,11,11,13,9,13,13,12,38,46,51,2018
14,Santos,3,5,2,13,15,11,10,13,14,11,46,40,50,2018
15,Vitória,3,5,2,16,20,11,19,9,19,10,36,63,37,2018
16,Chapecoense,2,4,4,12,19,10,14,11,16,11,34,50,44,2018
17,Athletico-PR,2,5,3,10,12,9,7,16,13,9,54,37,57,2018
18,Paraná,2,5,3,6,13,9,20,4,23,11,18,57,23,2018
19,Bahia,2,6,2,6,14,8,11,12,14,12,39,41,48,2018
20,Ceará,0,6,4,4,14,4,15,10,14,14,32,38,44,2018
1,Internacional,6,2,2,15,6,20,2,20,8,10,61,35,70,2020
2,Atlético-MG,6,4,0,14,11,18,3,20,10,8,64,45,68,2020
3,Vasco da Gama,5,2,3,16,10,18,17,10,17,11,37,56,41,2020
4,São Paulo,5,2,3,15,11,18,4,18,8,12,59,41,66,2020
5,Palmeiras,4,0,6,14,9,18,7,15,10,13,51,37,58,2020
6,Flamengo,5,3,2,13,13,17,1,21,9,8,68,48,71,2020
7,Santos,4,3,3,14,12,15,8,14,12,12,52,51,54,2020
8,Grêmio,3,1,6,10,7,15,6,14,7,17,53,40,59,2020
9,Athletico-PR,4,4,2,10,9,14,9,15,15,8,38,36,53,2020
10,Fluminense,4,4,2,12,13,14,5,18,10,10,55,42,64,2020
11,Ceará,4,5,1,10,12,13,11,14,14,10,54,51,52,2020
12,Atlético-GO,3,3,4,9,11,13,13,12,12,14,40,45,50,2020
13,Fortaleza,3,4,3,10,9,12,16,10,17,11,34,44,41,2020
14,Bahia,3,4,3,12,16,12,14,12,18,8,48,59,44,2020
15,Sport,3,5,2,10,13,11,15,12,20,6,31,50,42,2020
16,Corinthians,2,4,4,12,14,10,12,13,13,12,45,45,51,2020
17,Botafogo,1,3,6,10,13,9,20,5,21,12,32,62,27,2020
18,Coritiba,2,6,2,7,12,8,19,7,21,10,31,54,31,2020
19,Goiás,2,6,2,12,18,8,18,9,19,10,41,63,37,2020
20,Bragantino,1,5,4,10,16,7,10,13,11,14,50,40,53,2020
1,Palmeiras,7,2,1,18,10,22,3,20,12,6,58,43,66,2021
2,Bragantino,6,0,4,20,11,22,6,14,10,14,55,46,56,2021
3,Athletico-PR,6,2,2,19,11,20,14,13,17,8,41,45,47,2021
4,Atlético-MG,6,3,1,13,9,19,1,26,6,6,67,34,84,2021
5,Fortaleza,5,2,3,18,9,18,4,17,14,7,44,45,58,2021
6,Bahia,5,3,2,18,13,17,18,11,17,10,42,51,43,2021
7,Santos,4,3,3,11,10,15,10,12,12,14,35,40,50,2021
8,Flamengo,4,4,2,14,12,14,2,21,9,8,69,36,71,2021
9,Atlético-GO,4,4,2,9,10,14,9,13,11,14,33,36,53,2021
10,Ceará,3,2,5,11,10,14,11,11,10,17,39,38,50,2021
11,Corinthians,3,2,5,8,7,14,5,15,11,12,40,36,57,2021
12,Fluminense,3,2,5,8,9,14,7,15,14,9,38,38,54,2021
13,Juventude,3,4,3,7,12,12,16,11,14,13,36,44,46,2021
14,Internacional,2,4,4,10,16,10,12,12,14,12,44,42,48,2021
15,América-MG,2,5,3,9,15,9,8,13,11,14,41,37,53,2021
16,Cuiabá,1,4,5,7,11,8,15,10,11,17,34,37,47,2021
16,São Paulo,1,4,5,7,11,8,13,11,12,15,31,39,48,2021
18,Sport,1,5,4,5,9,7,19,9,18,11,24,37,38,2021
19,Grêmio,1,6,3,7,14,6,17,12,19,7,44,51,43,2021
20,Chapecoense,0,6,4,8,18,4,20,1,25,12,27,67,15,2021
1,Palmeiras,5,1,4,17,5,19,1,23,3,12,66,27,81,2022
2,Corinthians,5,2,3,13,9,18,4,18,9,11,44,36,65,2022
3,Athletico-PR,5,4,1,11,12,16,6,16,12,10,48,48,58,2022
4,Atlético-MG,4,2,4,16,13,16,7,15,10,13,45,37,58,2022
5,Coritiba,4,3,3,14,12,15,15,12,20,6,39,60,42,2022
6,São Paulo,3,1,6,16,12,15,9,13,10,15,55,42,54,2022
7,Internacional,3,1,6,11,9,15,2,20,5,13,58,31,73,2022
8,Fluminense,4,4,2,13,12,14,3,21,10,7,63,41,70,2022
9,América-MG,4,4,2,11,12,14,10,15,15,8,40,40,53,2022
10,Santos,3,3,4,13,9,13,12,12,15,11,44,41,47,2022
11,Bragantino,3,3,4,11,10,13,14,11,16,11,49,59,44,2022
12,Ceará,3,3,4,12,12,13,17,7,15,16,34,41,37,2022
13,Goiás,3,3,4,11,13,13,13,11,14,13,40,53,46,2022
14,Flamengo,3,4,3,10,10,12,5,18,12,8,60,39,62,2022
15,Botafogo,3,4,3,12,15,12,11,15,15,8,41,43,53,2022
16,Avaí,3,5,2,11,15,11,19,9,21,8,34,60,35,2022
17,Cuiabá,3,5,2,8,12,11,16,10,17,11,31,42,41,2022
18,Atlético-GO,2,4,4,8,13,10,18,8,18,12,39,57,36,2022
19,Juventude,2,4,4,10,17,10,20,3,22,13,29,69,22,2022
20,Fortaleza,1,6,3,7,13,6,8,15,13,10,46,39,55,2022
1,Botafogo,8,2,0,18,7,24,5,18,10,10,58,37,64,2023
2,Palmeiras,6,0,4,22,8,22,1,20,8,10,64,33,70,2023
3,Flamengo,6,3,1,21,11,19,4,19,10,9,56,42,66,2023
4,Atlético-MG,5,2,3,14,8,18,3,19,10,9,52,32,66,2023
5,Fluminense,5,3,2,16,11,17,7,16,14,8,51,47,56,2023
6,Grêmio,5,3,2,14,15,17,2,21,12,5,63,56,68,2023
7,Athletico-PR,5,4,1,14,13,16,8,14,10,14,51,43,56,2023
8,São Paulo,4,3,3,15,11,15,11,14,13,11,40,38,53,2023
9,Cruzeiro,4,4,2,14,10,14,14,11,13,14,35,32,47,2023
10,Internacional,4,4,2,10,13,14,9,15,13,10,46,45,55,2023
11,Fortaleza,3,2,5,12,8,14,10,15,14,9,45,44,54,2023
12,Bragantino,3,2,5,15,14,14,6,17,10,11,49,35,62,2023
13,Santos,3,3,4,9,8,13,17,11,17,10,39,64,43,2023
14,Cuiabá,3,4,3,9,14,12,12,14,15,9,40,39,51,2023
15,Bahia,2,5,3,11,16,9,16,12,18,8,50,53,44,2023
16,Corinthians,2,5,3,9,15,9,13,12,12,14,47,48,50,2023
17,Goiás,2,6,2,9,18,8,18,9,18,11,36,53,38,2023
18,América-MG,2,6,2,11,22,8,20,5,24,9,42,81,24,2023
19,Vasco da Gama,1,6,3,10,19,6,15,12,17,9,41,51,45,2023
20,Coritiba,0,6,4,8,20,4,19,8,24,6,41,73,30,2023
1,Flamengo,6,1,3,18,9,21,3,20,8,10,61,42,70,2024
2,Botafogo,6,2,2,17,9,20,1,23,5,10,59,29,79,2024
3,Palmeiras,6,2,2,13,5,20,2,22,9,7,60,33,73,2024
4,Athletico-PR,5,2,3,14,7,18,17,11,18,9,40,46,42,2024
5,Bahia,5,2,3,14,11,18,8,15,15,8,49,49,53,2024
6,Internacional,5,2,3,9,6,18,5,18,9,11,53,36,65,2024
7,Cruzeiro,5,2,3,12,10,18,9,14,14,10,43,41,52,2024
8,Atlético-MG,4,2,4,16,14,16,12,11,13,14,47,54,47,2024
9,São Paulo,4,3,3,14,9,15,6,17,13,8,53,43,59,2024
10,Bragantino,4,3,3,13,11,15,16,10,14,14,44,48,44,2024
11,Fortaleza,3,2,5,8,11,14,4,19,8,11,53,39,68,2024
12,Criciúma,3,3,4,17,17,13,18,9,18,11,42,61,38,2024
13,Juventude,3,3,4,12,13,13,15,11,15,12,48,59,45,2024
14,Cuiabá,3,6,1,12,15,10,20,6,20,12,29,49,30,2024
15,Vitória,2,5,3,12,17,9,11,13,17,8,45,52,47,2024
16,Atlético-GO,2,6,2,9,14,8,19,7,22,9,29,58,30,2024
17,Vasco da Gama,2,7,1,7,21,7,10,14,16,8,43,56,50,2024
18,Corinthians,1,5,4,7,11,7,7,15,12,11,54,45,56,2024
19,Grêmio,2,8,0,8,14,6,14,12,17,9,44,50,45,2024
20,Fluminense,1,6,3,10,18,6,13,12,16,10,33,39,46,2024
